{
    "text": " You",
    "segments": [
        {
            "id": 0,
            "seek": 0,
            "start": 0.0,
            "end": 10.26,
            "text": " You",
            "tokens": [
                50364,
                509,
                50464
            ],
            "temperature": 0.6,
            "avg_logprob": -0.784689724445343,
            "compression_ratio": 0.2727272727272727,
            "no_speech_prob": 0.5350692868232727,
            "words": [
                {
                    "word": " You",
                    "start": 0.0,
                    "end": 10.26,
                    "probability": 0.04285745695233345
                }
            ]
        }
    ],
    "language": "en"
}