{
    "text": " Yes.",
    "segments": [
        {
            "id": 0,
            "seek": 0,
            "start": 0.0,
            "end": 0.32,
            "text": " Yes.",
            "tokens": [
                50364,
                1079,
                13,
                50406
            ],
            "temperature": 0.0,
            "avg_logprob": -0.6490219116210938,
            "compression_ratio": 0.3333333333333333,
            "no_speech_prob": 0.8153302073478699,
            "words": [
                {
                    "word": " Yes.",
                    "start": 0.0,
                    "end": 0.32,
                    "probability": 0.25043684244155884
                }
            ]
        }
    ],
    "language": "en"
}