{
    "text": " Congressman, first, I'm Singaporean.",
    "segments": [
        {
            "id": 0,
            "seek": 0,
            "start": 0.08,
            "end": 2.04,
            "text": " Congressman, first, I'm Singaporean.",
            "tokens": [
                50364,
                38071,
                11,
                700,
                11,
                286,
                478,
                14491,
                282,
                13,
                50474
            ],
            "temperature": 0.0,
            "avg_logprob": -0.39094237486521405,
            "compression_ratio": 0.8181818181818182,
            "no_speech_prob": 0.06176953762769699,
            "words": [
                {
                    "word": " Congressman,",
                    "start": 0.08,
                    "end": 0.62,
                    "probability": 0.504535973072052
                },
                {
                    "word": " first,",
                    "start": 0.88,
                    "end": 1.08,
                    "probability": 0.7873522043228149
                },
                {
                    "word": " I'm",
                    "start": 1.2,
                    "end": 1.48,
                    "probability": 0.9882954955101013
                },
                {
                    "word": " Singaporean.",
                    "start": 1.48,
                    "end": 2.04,
                    "probability": 0.901812344789505
                }
            ]
        }
    ],
    "language": "en"
}