{
    "text": " ByteDance owns TikTok. If ByteDance is told, and the CCP owns ByteDance, because the CCP owns everybody in China. So by law, they can make them do whatever they want, and they say that by law, you can't tell anyone about it. So they can make you hand over that data. Is that correct?",
    "segments": [
        {
            "id": 0,
            "seek": 0,
            "start": 1.2,
            "end": 2.08,
            "text": " ByteDance owns TikTok.",
            "tokens": [
                50364,
                3146,
                975,
                35,
                719,
                19143,
                20211,
                13,
                50480
            ],
            "temperature": 0.0,
            "avg_logprob": -0.3212223481596186,
            "compression_ratio": 1.6647058823529413,
            "no_speech_prob": 0.04489355906844139,
            "words": [
                {
                    "word": " ByteDance",
                    "start": 1.2,
                    "end": 1.64,
                    "probability": 0.5923459231853485
                },
                {
                    "word": " owns",
                    "start": 1.64,
                    "end": 1.66,
                    "probability": 0.6665509343147278
                },
                {
                    "word": " TikTok.",
                    "start": 1.66,
                    "end": 2.08,
                    "probability": 0.7309984564781189
                }
            ]
        },
        {
            "id": 1,
            "seek": 0,
            "start": 2.52,
            "end": 5.24,
            "text": " If ByteDance is told, and the CCP owns ByteDance,",
            "tokens": [
                50480,
                759,
                3146,
                975,
                35,
                719,
                307,
                1907,
                11,
                293,
                264,
                27876,
                19143,
                3146,
                975,
                35,
                719,
                11,
                50626
            ],
            "temperature": 0.0,
            "avg_logprob": -0.3212223481596186,
            "compression_ratio": 1.6647058823529413,
            "no_speech_prob": 0.04489355906844139,
            "words": [
                {
                    "word": " If",
                    "start": 2.52,
                    "end": 2.52,
                    "probability": 0.0831945613026619
                },
                {
                    "word": " ByteDance",
                    "start": 2.52,
                    "end": 2.96,
                    "probability": 0.9257862120866776
                },
                {
                    "word": " is",
                    "start": 2.96,
                    "end": 3.1,
                    "probability": 0.4945988953113556
                },
                {
                    "word": " told,",
                    "start": 3.1,
                    "end": 3.26,
                    "probability": 0.1728096306324005
                },
                {
                    "word": " and",
                    "start": 3.4,
                    "end": 3.6,
                    "probability": 0.8755996227264404
                },
                {
                    "word": " the",
                    "start": 3.6,
                    "end": 3.86,
                    "probability": 0.7729381918907166
                },
                {
                    "word": " CCP",
                    "start": 3.86,
                    "end": 4.24,
                    "probability": 0.7146334648132324
                },
                {
                    "word": " owns",
                    "start": 4.24,
                    "end": 4.7,
                    "probability": 0.8243222236633301
                },
                {
                    "word": " ByteDance,",
                    "start": 4.7,
                    "end": 5.24,
                    "probability": 0.9445962458848953
                }
            ]
        },
        {
            "id": 2,
            "seek": 0,
            "start": 5.3,
            "end": 8.52,
            "text": " because the CCP owns everybody in China.",
            "tokens": [
                50626,
                570,
                264,
                27876,
                19143,
                2201,
                294,
                3533,
                13,
                50814
            ],
            "temperature": 0.0,
            "avg_logprob": -0.3212223481596186,
            "compression_ratio": 1.6647058823529413,
            "no_speech_prob": 0.04489355906844139,
            "words": [
                {
                    "word": " because",
                    "start": 5.3,
                    "end": 5.38,
                    "probability": 0.7188436388969421
                },
                {
                    "word": " the",
                    "start": 5.38,
                    "end": 5.56,
                    "probability": 0.7886030673980713
                },
                {
                    "word": " CCP",
                    "start": 5.56,
                    "end": 5.86,
                    "probability": 0.7983893156051636
                },
                {
                    "word": " owns",
                    "start": 5.86,
                    "end": 7.44,
                    "probability": 0.8282797932624817
                },
                {
                    "word": " everybody",
                    "start": 7.44,
                    "end": 7.82,
                    "probability": 0.7458374500274658
                },
                {
                    "word": " in",
                    "start": 7.82,
                    "end": 8.2,
                    "probability": 0.9026143550872803
                },
                {
                    "word": " China.",
                    "start": 8.2,
                    "end": 8.52,
                    "probability": 0.8556746244430542
                }
            ]
        },
        {
            "id": 3,
            "seek": 0,
            "start": 9.1,
            "end": 11.7,
            "text": " So by law, they can make them do whatever they want,",
            "tokens": [
                50814,
                407,
                538,
                2101,
                11,
                436,
                393,
                652,
                552,
                360,
                2035,
                436,
                528,
                11,
                50952
            ],
            "temperature": 0.0,
            "avg_logprob": -0.3212223481596186,
            "compression_ratio": 1.6647058823529413,
            "no_speech_prob": 0.04489355906844139,
            "words": [
                {
                    "word": " So",
                    "start": 9.1,
                    "end": 9.18,
                    "probability": 0.6327192187309265
                },
                {
                    "word": " by",
                    "start": 9.18,
                    "end": 9.4,
                    "probability": 0.6978117823600769
                },
                {
                    "word": " law,",
                    "start": 9.4,
                    "end": 9.76,
                    "probability": 0.8057644963264465
                },
                {
                    "word": " they",
                    "start": 9.86,
                    "end": 10.0,
                    "probability": 0.7333937883377075
                },
                {
                    "word": " can",
                    "start": 10.0,
                    "end": 10.16,
                    "probability": 0.8979802131652832
                },
                {
                    "word": " make",
                    "start": 10.16,