{
    "text": " There's",
    "segments": [
        {
            "id": 0,
            "seek": 0,
            "start": 0.0,
            "end": 0.2,
            "text": " There's",
            "tokens": [
                50364,
                821,
                311,
                50464
            ],
            "temperature": 0.0,
            "avg_logprob": -0.7394208431243896,
            "compression_ratio": 0.4666666666666667,
            "no_speech_prob": 0.9209988713264465,
            "words": [
                {
                    "word": " There's",
                    "start": 0.0,
                    "end": 0.2,
                    "probability": 0.5029238499701023
                }
            ]
        }
    ],
    "language": "en"
}