{
    "text": " we find them.",
    "segments": [
        {
            "id": 0,
            "seek": 0,
            "start": 0.0,
            "end": 0.48,
            "text": " we find them.",
            "tokens": [
                50364,
                321,
                915,
                552,
                13,
                50406
            ],
            "temperature": 0.0,
            "avg_logprob": -0.7844836371285575,
            "compression_ratio": 0.6190476190476191,
            "no_speech_prob": 0.08951139450073242,
            "words": [
                {
                    "word": " we",
                    "start": 0.0,
                    "end": 0.12,
                    "probability": 0.3030068278312683
                },
                {
                    "word": " find",
                    "start": 0.12,
                    "end": 0.36,
                    "probability": 0.8465885519981384
                },
                {
                    "word": " them.",
                    "start": 0.36,
                    "end": 0.48,
                    "probability": 0.3898070454597473
                }
            ]
        }
    ],
    "language": "en"
}