{
    "text": " No.",
    "segments": [
        {
            "id": 0,
            "seek": 0,
            "start": 0.0,
            "end": 0.22,
            "text": " No.",
            "tokens": [
                50364,
                883,
                13,
                50389
            ],
            "temperature": 0.0,
            "avg_logprob": -0.5265923500061035,
            "compression_ratio": 0.2727272727272727,
            "no_speech_prob": 0.3579338490962982,
            "words": [
                {
                    "word": " No.",
                    "start": 0.0,
                    "end": 0.22,
                    "probability": 0.6690748333930969
                }
            ]
        }
    ],
    "language": "en"
}