{
    "text": " ByteDance owns TikTok. If ByteDance is told, and the CCP owns ByteDance because the CCP owns everybody in China. So by law, they can make them do whatever they want. And they say that by law, you can't tell anyone about it. So they can make you hand over that data. Is that correct?",
    "segments": [
        {
            "id": 0,
            "seek": 0,
            "start": 1.18,
            "end": 2.06,
            "text": " ByteDance owns TikTok.",
            "tokens": [
                50364,
                3146,
                975,
                35,
                719,
                19143,
                20211,
                13,
                50480
            ],
            "temperature": 0.0,
            "avg_logprob": -0.29534799402410333,
            "compression_ratio": 1.630057803468208,
            "no_speech_prob": 0.045734718441963196,
            "words": [
                {
                    "word": " ByteDance",
                    "start": 1.18,
                    "end": 1.62,
                    "probability": 0.6293816864490509
                },
                {
                    "word": " owns",
                    "start": 1.62,
                    "end": 1.62,
                    "probability": 0.6594671607017517
                },
                {
                    "word": " TikTok.",
                    "start": 1.62,
                    "end": 2.06,
                    "probability": 0.7142826318740845
                }
            ]
        },
        {
            "id": 1,
            "seek": 0,
            "start": 2.46,
            "end": 5.22,
            "text": " If ByteDance is told, and the CCP owns ByteDance",
            "tokens": [
                50480,
                759,
                3146,
                975,
                35,
                719,
                307,
                1907,
                11,
                293,
                264,
                27876,
                19143,
                3146,
                975,
                35,
                719,
                50626
            ],
            "temperature": 0.0,
            "avg_logprob": -0.29534799402410333,
            "compression_ratio": 1.630057803468208,
            "no_speech_prob": 0.045734718441963196,
            "words": [
                {
                    "word": " If",
                    "start": 2.46,
                    "end": 2.48,
                    "probability": 0.10005741566419601
                },
                {
                    "word": " ByteDance",
                    "start": 2.48,
                    "end": 2.92,
                    "probability": 0.9375538975000381
                },
                {
                    "word": " is",
                    "start": 2.92,
                    "end": 3.08,
                    "probability": 0.5051319599151611
                },
                {
                    "word": " told,",
                    "start": 3.08,
                    "end": 3.24,
                    "probability": 0.16771236062049866
                },
                {
                    "word": " and",
                    "start": 3.44,
                    "end": 3.56,
                    "probability": 0.8838410377502441
                },
                {
                    "word": " the",
                    "start": 3.56,
                    "end": 3.82,
                    "probability": 0.7816613912582397
                },
                {
                    "word": " CCP",
                    "start": 3.82,
                    "end": 4.22,
                    "probability": 0.7131576538085938
                },
                {
                    "word": " owns",
                    "start": 4.22,
                    "end": 4.68,
                    "probability": 0.8293499946594238
                },
                {
                    "word": " ByteDance",
                    "start": 4.68,
                    "end": 5.22,
                    "probability": 0.9508189857006073
                }
            ]
        },
        {
            "id": 2,
            "seek": 0,
            "start": 5.22,
            "end": 8.5,
            "text": " because the CCP owns everybody in China.",
            "tokens": [
                50626,
                570,
                264,
                27876,
                19143,
                2201,
                294,
                3533,
                13,
                50814
            ],
            "temperature": 0.0,
            "avg_logprob": -0.29534799402410333,
            "compression_ratio": 1.630057803468208,
            "no_speech_prob": 0.045734718441963196,
            "words": [
                {
                    "word": " because",
                    "start": 5.22,
                    "end": 5.36,
                    "probability": 0.30730122327804565
                },
                {
                    "word": " the",
                    "start": 5.36,
                    "end": 5.54,
                    "probability": 0.7916643023490906
                },
                {
                    "word": " CCP",
                    "start": 5.54,
                    "end": 5.84,
                    "probability": 0.7956939339637756
                },
                {
                    "word": " owns",
                    "start": 5.84,
                    "end": 7.4,
                    "probability": 0.8295609951019287
                },
                {
                    "word": " everybody",
                    "start": 7.4,
                    "end": 7.82,
                    "probability": 0.7170573472976685
                },
                {
                    "word": " in",
                    "start": 7.82,
                    "end": 8.18,
                    "probability": 0.9041082262992859
                },
                {
                    "word": " China.",
                    "start": 8.18,
                    "end": 8.5,
                    "probability": 0.8589746952056885
                }
            ]
        },
        {
            "id": 3,
            "seek": 0,
            "start": 8.98,
            "end": 11.7,
            "text": " So by law, they can make them do whatever they want.",
            "tokens": [
                50814,
                407,
                538,
                2101,
                11,
                436,
                393,
                652,
                552,
                360,
                2035,
                436,
                528,
                13,
                50952
            ],
            "temperature": 0.0,
            "avg_logprob": -0.29534799402410333,
            "compression_ratio": 1.630057803468208,
            "no_speech_prob": 0.045734718441963196,
            "words": [
                {
                    "word": " So",
                    "start": 8.98,
                    "end": 9.14,
                    "probability": 0.659196674823761
                },
                {
                    "word": " by",
                    "start": 9.14,
                    "end": 9.38,
                    "probability": 0.7879737019538879
                },
                {
                    "word": " law,",
                    "start": 9.38,
                    "end": 9.74,
                    "probability": 0.8098384737968445
                },
                {
                    "word": " they",
                    "start": 9.84,
                    "end": 9.98,
                    "probability": 0.730312168598175
                },
                {
                    "word": " can",
                    "start": 9.98,
                    "end": 10.14,
                    "probability": 0.8988887667655945
                },
                {
                    "word": " make",
                    "start": 10.14,